<?xml version="1.0"?>
<Config xmlns:xsi="http://www.w3.org/2001/XMLSchema-instance" xmlns:xsd="http://www.w3.org/2001/XMLSchema">
  <saveConfigpath />
  <time />
  <domain>127.0.0.1</domain>
  <uri />
  <pname />
  <testPayload />
  <port>80</port>
  <maxTime>5</maxTime>
  <injectType>UnKnow</injectType>
  <dbType>UnKnow</dbType>
  <timeOut>10</timeOut>
  <threadSize>5</threadSize>
  <reTry>2</reTry>
  <encoding>UTF-8</encoding>
  <cmd_encoding>UTF-8</cmd_encoding>
  <request>GET /mysql.jsp?id=1 HTTP/1.1
User-Agent: Mozilla/5.0 (Windows NT 10.0; Win64; x64) AppleWebKit/537.36 (KHTML, like Gecko) Chrome/42.0.2311.135 Safari/537.36 Edge/12.10240
Accept-Encoding: gzip, deflate
Host: 127.0.0.1:8090
Connection: Close
Cookie: JSESSIONID=2F6D5F1AC8C376FF0AB48A08282A6CED</request>
  <sencondRequest />
  <key />
  <injectHTTPCode>0</injectHTTPCode>
  <db_encoding>UTF-8</db_encoding>
  <useCode>false</useCode>
  <columnsCount>0</columnsCount>
  <unionFillTemplate />
  <sencondInject>false</sencondInject>
  <showColumn>0</showColumn>
  <reverseKey>false</reverseKey>
  <keyType>Key</keyType>
  <isMuStr>true</isMuStr>
  <is_foward_302>false</is_foward_302>
  <isOpenInfoLog>true</isOpenInfoLog>
  <isOpenHTTPLog>true</isOpenHTTPLog>
  <isAutoCheckUpdate>true</isAutoCheckUpdate>
  <isSavaConfigWhenClose>true</isSavaConfigWhenClose>
  <useSSL>false</useSSL>
  <isOpenURLEncoding>true</isOpenURLEncoding>
  <redirectDoGet>false</redirectDoGet>
  <maxClolumns>50</maxClolumns>
  <urlencodeCount>1</urlencodeCount>
  <unionFill>1</unionFill>
  <token_request />
  <token_startStr />
  <token_endStr />
  <readFileEncoding>GBK</readFileEncoding>
  <showCmdResult>true</showCmdResult>
  <reaplaceBeforURLEncode>true</reaplaceBeforURLEncode>
  <inculdeStr>false</inculdeStr>
  <keyReplace>0</keyReplace>
  <randIPToHeader />
  <sendHTTPSleepTime>0</sendHTTPSleepTime>
  <replaceStrs />
  <base64Count>0</base64Count>
  <useBetweenByPass>false</useBetweenByPass>
  <usehex>false</usehex>
  <useUnicode>false</useUnicode>
  <retryKey />
  <level>0</level>
  <linkCount>1</linkCount>
  <maxSpiderCount>10</maxSpiderCount>
  <maxScanCount>10</maxScanCount>
  <proxy_mode>0</proxy_mode>
  <proxy_check_host>www.baidu.com</proxy_check_host>
  <proxy_check_port>80</proxy_check_port>
  <proxy_check_Keys>百度一下，你就知道</proxy_check_Keys>
</Config>